Df	SumsOfSqs	MeanSqs	F.Model	R2	Pr(>F)
group1	5	7.98874763307768	1.59774952661554	6.32583481619238	0.251766154735511	0.001
Residuals	94	23.7420767164864	0.252575284217941	NA	0.748233845264489	NA
Total	99	31.7308243495641	NA	NA	1	NA
