Df	SumsOfSqs	MeanSqs	F.Model	R2	Pr(>F)
group1	5	7.89441699267205	1.57888339853441	7.77338379844216	0.292525176974182	0.001
Residuals	94	19.0927198901433	0.203114041384504	NA	0.707474823025818	NA
Total	99	26.9871368828154	NA	NA	1	NA
